,order_id,stock_id,matched_order_dims,order_dims_values,stock_dims_values,order_volume_m3,stock_volume_m3,utilization_ratio
25,O002,S009,"('length_m', 'height_m', 'breadth_m')","[1.76, 0.91, 1.04]","[2.52, 1.13, 1.2]",1.6656640000000003,3.4171199999999997,0.4874467387741725
24,O002,S009,"('length_m', 'breadth_m', 'height_m')","[1.76, 1.04, 0.91]","[2.52, 1.13, 1.2]",1.665664,3.4171199999999997,0.48744673877417244
15,O002,S003,"('length_m', 'breadth_m', 'height_m')","[1.76, 1.04, 0.91]","[3.09, 1.28, 0.99]",1.665664,3.915648,0.4253865516001438
288,O010,S008,"('length_m', 'breadth_m', 'height_m')","[2.29, 1.45, 0.59]","[2.53, 1.52, 1.22]",1.9590949999999998,4.691631999999999,0.4175721795741866
87,O005,S002,"('length_m', 'breadth_m', 'height_m')","[1.48, 1.17, 0.59]","[2.51, 1.22, 0.8]",1.0216439999999998,2.44976,0.4170384037620011
79,O004,S013,"('length_m', 'breadth_m', 'height_m')","[2.12, 1.29, 0.66]","[2.63, 1.34, 1.27]",1.8049680000000003,4.475734,0.403278657757588
74,O004,S008,"('length_m', 'breadth_m', 'height_m')","[2.12, 1.29, 0.66]","[2.53, 1.52, 1.22]",1.8049680000000003,4.691631999999999,0.3847207112578311
286,O010,S006,"('length_m', 'breadth_m', 'height_m')","[2.29, 1.45, 0.59]","[3.13, 1.76, 0.95]",1.9590949999999998,5.233359999999999,0.3743474555543666
34,O002,S013,"('length_m', 'height_m', 'breadth_m')","[1.76, 0.91, 1.04]","[2.63, 1.34, 1.27]",1.6656640000000003,4.475734,0.37215437736022744
33,O002,S013,"('length_m', 'breadth_m', 'height_m')","[1.76, 1.04, 0.91]","[2.63, 1.34, 1.27]",1.665664,4.475734,0.3721543773602274
38,O002,S015,"('length_m', 'height_m', 'breadth_m')","[1.76, 0.91, 1.04]","[3.02, 1.22, 1.22]",1.6656640000000003,4.494968,0.3705619261360704
37,O002,S015,"('length_m', 'breadth_m', 'height_m')","[1.76, 1.04, 0.91]","[3.02, 1.22, 1.22]",1.665664,4.494968,0.37056192613607036
291,O010,S011,"('length_m', 'breadth_m', 'height_m')","[2.29, 1.45, 0.59]","[2.52, 1.76, 1.22]",1.9590949999999998,5.410944,0.36206159221015777
22,O002,S008,"('length_m', 'breadth_m', 'height_m')","[1.76, 1.04, 0.91]","[2.53, 1.52, 1.22]",1.665664,4.691631999999999,0.3550286979029899
23,O002,S008,"('length_m', 'height_m', 'breadth_m')","[1.76, 0.91, 1.04]","[2.53, 1.52, 1.22]",1.6656640000000003,4.691631999999999,0.3550286979029899
71,O004,S006,"('length_m', 'breadth_m', 'height_m')","[2.12, 1.29, 0.66]","[3.13, 1.76, 0.95]",1.8049680000000003,5.233359999999999,0.34489658651420896
77,O004,S011,"('length_m', 'breadth_m', 'height_m')","[2.12, 1.29, 0.66]","[2.52, 1.76, 1.22]",1.8049680000000003,5.410944,0.3335772833723654
18,O002,S006,"('length_m', 'breadth_m', 'height_m')","[1.76, 1.04, 0.91]","[3.13, 1.76, 0.95]",1.665664,5.233359999999999,0.318278123423575
19,O002,S006,"('breadth_m', 'length_m', 'height_m')","[1.04, 1.76, 0.91]","[3.13, 1.76, 0.95]",1.665664,5.233359999999999,0.318278123423575
31,O002,S011,"('height_m', 'length_m', 'breadth_m')","[0.91, 1.76, 1.04]","[2.52, 1.76, 1.22]",1.6656640000000003,5.410944,0.307832422586521
30,O002,S011,"('breadth_m', 'length_m', 'height_m')","[1.04, 1.76, 0.91]","[2.52, 1.76, 1.22]",1.665664,5.410944,0.307832422586521
29,O002,S011,"('length_m', 'height_m', 'breadth_m')","[1.76, 0.91, 1.04]","[2.52, 1.76, 1.22]",1.6656640000000003,5.410944,0.307832422586521
28,O002,S011,"('length_m', 'breadth_m', 'height_m')","[1.76, 1.04, 0.91]","[2.52, 1.76, 1.22]",1.665664,5.410944,0.307832422586521
6,O001,S008,"('length_m', 'breadth_m', 'height_m')","[1.66, 1.36, 0.63]","[2.53, 1.52, 1.22]",1.422288,4.691631999999999,0.30315421158351724
292,O010,S012,"('length_m', 'breadth_m', 'height_m')","[2.29, 1.45, 0.59]","[3.96, 1.61, 1.02]",1.9590949999999998,6.503112000000001,0.3012549991450247
293,O010,S014,"('length_m', 'height_m', 'breadth_m')","[2.29, 0.59, 1.45]","[3.7, 1.19, 1.48]",1.9590949999999998,6.516439999999999,0.3006388457501335
101,O005,S009,"('length_m', 'height_m', 'breadth_m')","[1.48, 0.59, 1.17]","[2.52, 1.13, 1.2]",1.021644,3.4171199999999997,0.29897808680994525
70,O004,S004,"('length_m', 'height_m', 'breadth_m')","[2.12, 0.66, 1.29]","[3.66, 1.26, 1.31]",1.8049680000000003,6.041196,0.29877659986532473
128,O006,S002,"('length_m', 'breadth_m', 'height_m')","[1.46, 0.74, 0.64]","[2.51, 1.22, 0.8]",0.6914560000000001,2.44976,0.28225458820455884
129,O006,S002,"('length_m', 'height_m', 'breadth_m')","[1.46, 0.64, 0.74]","[2.51, 1.22, 0.8]",0.691456,2.44976,0.2822545882045588
222,O008,S002,"('length_m', 'breadth_m', 'height_m')","[1.82, 0.58, 0.65]","[2.51, 1.22, 0.8]",0.68614,2.44976,0.28008457971393114
223,O008,S002,"('length_m', 'height_m', 'breadth_m')","[1.82, 0.65, 0.58]","[2.51, 1.22, 0.8]",0.68614,2.44976,0.28008457971393114
78,O004,S012,"('length_m', 'breadth_m', 'height_m')","[2.12, 1.29, 0.66]","[3.96, 1.61, 1.02]",1.8049680000000003,6.503112000000001,0.27755450006089394
80,O004,S014,"('length_m', 'height_m', 'breadth_m')","[2.12, 0.66, 1.29]","[3.7, 1.19, 1.48]",1.8049680000000003,6.516439999999999,0.2769868210249769
17,O002,S004,"('length_m', 'height_m', 'breadth_m')","[1.76, 0.91, 1.04]","[3.66, 1.26, 1.31]",1.6656640000000003,6.041196,0.2757175896958152
16,O002,S004,"('length_m', 'breadth_m', 'height_m')","[1.76, 1.04, 0.91]","[3.66, 1.26, 1.31]",1.665664,6.041196,0.27571758969581517
2,O001,S006,"('length_m', 'breadth_m', 'height_m')","[1.66, 1.36, 0.63]","[3.13, 1.76, 0.95]",1.422288,5.233359999999999,0.2717733922374918
3,O001,S006,"('breadth_m', 'length_m', 'height_m')","[1.36, 1.66, 0.63]","[3.13, 1.76, 0.95]",1.422288,5.233359999999999,0.2717733922374918
289,O010,S010,"('length_m', 'breadth_m', 'height_m')","[2.29, 1.45, 0.59]","[3.31, 1.49, 1.49]",1.9590949999999998,7.3485309999999995,0.2665968205073912
290,O010,S010,"('length_m', 'height_m', 'breadth_m')","[2.29, 0.59, 1.45]","[3.31, 1.49, 1.49]",1.9590949999999998,7.3485309999999995,0.2665968205073912
9,O001,S011,"('length_m', 'breadth_m', 'height_m')","[1.66, 1.36, 0.63]","[2.52, 1.76, 1.22]",1.422288,5.410944,0.2628539493293592
10,O001,S011,"('breadth_m', 'length_m', 'height_m')","[1.36, 1.66, 0.63]","[2.52, 1.76, 1.22]",1.422288,5.410944,0.2628539493293592
88,O005,S003,"('length_m', 'breadth_m', 'height_m')","[1.48, 1.17, 0.59]","[3.09, 1.28, 0.99]",1.0216439999999998,3.915648,0.2609131362165342
32,O002,S012,"('length_m', 'breadth_m', 'height_m')","[1.76, 1.04, 0.91]","[3.96, 1.61, 1.02]",1.665664,6.503112000000001,0.25613337122288526
36,O002,S014,"('length_m', 'height_m', 'breadth_m')","[1.76, 0.91, 1.04]","[3.7, 1.19, 1.48]",1.6656640000000003,6.516439999999999,0.2556095045761183
35,O002,S014,"('length_m', 'breadth_m', 'height_m')","[1.76, 1.04, 0.91]","[3.7, 1.19, 1.48]",1.665664,6.516439999999999,0.2556095045761183
76,O004,S010,"('length_m', 'height_m', 'breadth_m')","[2.12, 0.66, 1.29]","[3.31, 1.49, 1.49]",1.8049680000000003,7.3485309999999995,0.24562296872667483
75,O004,S010,"('length_m', 'breadth_m', 'height_m')","[2.12, 1.29, 0.66]","[3.31, 1.49, 1.49]",1.8049680000000003,7.3485309999999995,0.24562296872667483
285,O010,S001,"('length_m', 'height_m', 'breadth_m')","[2.29, 0.59, 1.45]","[3.61, 1.53, 1.5]",1.9590949999999998,8.28495,0.23646431179427754
284,O010,S001,"('length_m', 'breadth_m', 'height_m')","[2.29, 1.45, 0.59]","[3.61, 1.53, 1.5]",1.9590949999999998,8.28495,0.23646431179427754
287,O010,S007,"('length_m', 'breadth_m', 'height_m')","[2.29, 1.45, 0.59]","[3.92, 1.54, 1.41]",1.9590949999999998,8.511888,0.23015986582530218
115,O005,S013,"('length_m', 'height_m', 'breadth_m')","[1.48, 0.59, 1.17]","[2.63, 1.34, 1.27]",1.021644,4.475734,0.2282628949799072
114,O005,S013,"('length_m', 'breadth_m', 'height_m')","[1.48, 1.17, 0.59]","[2.63, 1.34, 1.27]",1.0216439999999998,4.475734,0.22826289497990715
121,O005,S015,"('length_m', 'height_m', 'breadth_m')","[1.48, 0.59, 1.17]","[3.02, 1.22, 1.22]",1.021644,4.494968,0.22728615643092454
120,O005,S015,"('length_m', 'breadth_m', 'height_m')","[1.48, 1.17, 0.59]","[3.02, 1.22, 1.22]",1.0216439999999998,4.494968,0.22728615643092448
27,O002,S010,"('length_m', 'height_m', 'breadth_m')","[1.76, 0.91, 1.04]","[3.31, 1.49, 1.49]",1.6656640000000003,7.3485309999999995,0.2266662547929648
26,O002,S010,"('length_m', 'breadth_m', 'height_m')","[1.76, 1.04, 0.91]","[3.31, 1.49, 1.49]",1.665664,7.3485309999999995,0.22666625479296476
253,O009,S002,"('length_m', 'height_m', 'breadth_m')","[1.66, 0.6, 0.55]","[2.51, 1.22, 0.8]",0.5478,2.44976,0.2236137417542943
252,O009,S002,"('length_m', 'breadth_m', 'height_m')","[1.66, 0.55, 0.6]","[2.51, 1.22, 0.8]",0.5478,2.44976,0.2236137417542943
11,O001,S012,"('length_m', 'breadth_m', 'height_m')","[1.66, 1.36, 0.63]","[3.96, 1.61, 1.02]",1.422288,6.503112000000001,0.21870882740447956
12,O001,S014,"('length_m', 'height_m', 'breadth_m')","[1.66, 0.63, 1.36]","[3.7, 1.19, 1.48]",1.4222880000000002,6.516439999999999,0.2182615047479913
68,O004,S001,"('length_m', 'breadth_m', 'height_m')","[2.12, 1.29, 0.66]","[3.61, 1.53, 1.5]",1.8049680000000003,8.28495,0.21786106132203578
69,O004,S001,"('length_m', 'height_m', 'breadth_m')","[2.12, 0.66, 1.29]","[3.61, 1.53, 1.5]",1.8049680000000003,8.28495,0.21786106132203578
98,O005,S008,"('length_m', 'height_m', 'breadth_m')","[1.48, 0.59, 1.17]","[2.53, 1.52, 1.22]",1.021644,4.691631999999999,0.2177587670985278
100,O005,S008,"('height_m', 'length_m', 'breadth_m')","[0.59, 1.48, 1.17]","[2.53, 1.52, 1.22]",1.021644,4.691631999999999,0.2177587670985278
99,O005,S008,"('breadth_m', 'length_m', 'height_m')","[1.17, 1.48, 0.59]","[2.53, 1.52, 1.22]",1.0216439999999998,4.691631999999999,0.21775876709852773
97,O005,S008,"('length_m', 'breadth_m', 'height_m')","[1.48, 1.17, 0.59]","[2.53, 1.52, 1.22]",1.0216439999999998,4.691631999999999,0.21775876709852773
72,O004,S007,"('length_m', 'breadth_m', 'height_m')","[2.12, 1.29, 0.66]","[3.92, 1.54, 1.41]",1.8049680000000003,8.511888,0.21205260219589359
73,O004,S007,"('length_m', 'height_m', 'breadth_m')","[2.12, 0.66, 1.29]","[3.92, 1.54, 1.41]",1.8049680000000003,8.511888,0.21205260219589359
41,O003,S002,"('length_m', 'breadth_m', 'height_m')","[1.96, 0.84, 0.31]","[2.51, 1.22, 0.8]",0.510384,2.44976,0.20834040885637775
134,O006,S005,"('length_m', 'breadth_m', 'height_m')","[1.46, 0.74, 0.64]","[3.97, 1.0, 0.84]",0.6914560000000001,3.3348,0.20734556795010198
135,O006,S005,"('length_m', 'height_m', 'breadth_m')","[1.46, 0.64, 0.74]","[3.97, 1.0, 0.84]",0.691456,3.3348,0.20734556795010195
228,O008,S005,"('length_m', 'breadth_m', 'height_m')","[1.82, 0.58, 0.65]","[3.97, 1.0, 0.84]",0.68614,3.3348,0.20575146935348446
229,O008,S005,"('length_m', 'height_m', 'breadth_m')","[1.82, 0.65, 0.58]","[3.97, 1.0, 0.84]",0.68614,3.3348,0.20575146935348446
148,O006,S009,"('length_m', 'breadth_m', 'height_m')","[1.46, 0.74, 0.64]","[2.52, 1.13, 1.2]",0.6914560000000001,3.4171199999999997,0.20235051739476523
149,O006,S009,"('length_m', 'height_m', 'breadth_m')","[1.46, 0.64, 0.74]","[2.52, 1.13, 1.2]",0.691456,3.4171199999999997,0.2023505173947652
14,O002,S001,"('length_m', 'height_m', 'breadth_m')","[1.76, 0.91, 1.04]","[3.61, 1.53, 1.5]",1.6656640000000003,8.28495,0.20104695864187475
13,O002,S001,"('length_m', 'breadth_m', 'height_m')","[1.76, 1.04, 0.91]","[3.61, 1.53, 1.5]",1.665664,8.28495,0.20104695864187472
237,O008,S009,"('length_m', 'height_m', 'breadth_m')","[1.82, 0.65, 0.58]","[2.52, 1.13, 1.2]",0.68614,3.4171199999999997,0.20079482137004262
236,O008,S009,"('length_m', 'breadth_m', 'height_m')","[1.82, 0.58, 0.65]","[2.52, 1.13, 1.2]",0.68614,3.4171199999999997,0.20079482137004262
21,O002,S007,"('length_m', 'height_m', 'breadth_m')","[1.76, 0.91, 1.04]","[3.92, 1.54, 1.41]",1.6656640000000003,8.511888,0.19568678535243886
20,O002,S007,"('length_m', 'breadth_m', 'height_m')","[1.76, 1.04, 0.91]","[3.92, 1.54, 1.41]",1.665664,8.511888,0.19568678535243883
92,O005,S006,"('breadth_m', 'length_m', 'height_m')","[1.17, 1.48, 0.59]","[3.13, 1.76, 0.95]",1.0216439999999998,5.233359999999999,0.19521760398673127
91,O005,S006,"('length_m', 'breadth_m', 'height_m')","[1.48, 1.17, 0.59]","[3.13, 1.76, 0.95]",1.0216439999999998,5.233359999999999,0.19521760398673127
8,O001,S010,"('length_m', 'height_m', 'breadth_m')","[1.66, 0.63, 1.36]","[3.31, 1.49, 1.49]",1.4222880000000002,7.3485309999999995,0.19354725454652097
7,O001,S010,"('length_m', 'breadth_m', 'height_m')","[1.66, 1.36, 0.63]","[3.31, 1.49, 1.49]",1.422288,7.3485309999999995,0.19354725454652094
109,O005,S011,"('length_m', 'height_m', 'breadth_m')","[1.48, 0.59, 1.17]","[2.52, 1.76, 1.22]",1.021644,5.410944,0.18881067702789014
111,O005,S011,"('height_m', 'length_m', 'breadth_m')","[0.59, 1.48, 1.17]","[2.52, 1.76, 1.22]",1.021644,5.410944,0.18881067702789014
110,O005,S011,"('breadth_m', 'length_m', 'height_m')","[1.17, 1.48, 0.59]","[2.52, 1.76, 1.22]",1.0216439999999998,5.410944,0.18881067702789012
108,O005,S011,"('length_m', 'breadth_m', 'height_m')","[1.48, 1.17, 0.59]","[2.52, 1.76, 1.22]",1.0216439999999998,5.410944,0.18881067702789012
130,O006,S003,"('length_m', 'breadth_m', 'height_m')","[1.46, 0.74, 0.64]","[3.09, 1.28, 0.99]",0.6914560000000001,3.915648,0.17658788532574943
131,O006,S003,"('length_m', 'height_m', 'breadth_m')","[1.46, 0.64, 0.74]","[3.09, 1.28, 0.99]",0.691456,3.915648,0.1765878853257494
225,O008,S003,"('length_m', 'height_m', 'breadth_m')","[1.82, 0.65, 0.58]","[3.09, 1.28, 0.99]",0.68614,3.915648,0.17523025563074107
224,O008,S003,"('length_m', 'breadth_m', 'height_m')","[1.82, 0.58, 0.65]","[3.09, 1.28, 0.99]",0.68614,3.915648,0.17523025563074107
1,O001,S001,"('length_m', 'height_m', 'breadth_m')","[1.66, 0.63, 1.36]","[3.61, 1.53, 1.5]",1.4222880000000002,8.28495,0.17167128347183752
0,O001,S001,"('length_m', 'breadth_m', 'height_m')","[1.66, 1.36, 0.63]","[3.61, 1.53, 1.5]",1.422288,8.28495,0.1716712834718375
90,O005,S004,"('length_m', 'height_m', 'breadth_m')","[1.48, 0.59, 1.17]","[3.66, 1.26, 1.31]",1.021644,6.041196,0.169112871027525
89,O005,S004,"('length_m', 'breadth_m', 'height_m')","[1.48, 1.17, 0.59]","[3.66, 1.26, 1.31]",1.0216439999999998,6.041196,0.16911287102752498
5,O001,S007,"('length_m', 'height_m', 'breadth_m')","[1.66, 0.63, 1.36]","[3.92, 1.54, 1.41]",1.4222880000000002,8.511888,0.1670943038724194
4,O001,S007,"('length_m', 'breadth_m', 'height_m')","[1.66, 1.36, 0.63]","[3.92, 1.54, 1.41]",1.422288,8.511888,0.16709430387241936
258,O009,S005,"('length_m', 'breadth_m', 'height_m')","[1.66, 0.55, 0.6]","[3.97, 1.0, 0.84]",0.5478,3.3348,0.16426772220223101
259,O009,S005,"('length_m', 'height_m', 'breadth_m')","[1.66, 0.6, 0.55]","[3.97, 1.0, 0.84]",0.5478,3.3348,0.16426772220223101
268,O009,S009,"('length_m', 'breadth_m', 'height_m')","[1.66, 0.55, 0.6]","[2.52, 1.13, 1.2]",0.5478,3.4171199999999997,0.16031043685910942
269,O009,S009,"('length_m', 'height_m', 'breadth_m')","[1.66, 0.6, 0.55]","[2.52, 1.13, 1.2]",0.5478,3.4171199999999997,0.16031043685910942
112,O005,S012,"('length_m', 'breadth_m', 'height_m')","[1.48, 1.17, 0.59]","[3.96, 1.61, 1.02]",1.0216439999999998,6.503112000000001,0.15710078497802277
113,O005,S012,"('breadth_m', 'length_m', 'height_m')","[1.17, 1.48, 0.59]","[3.96, 1.61, 1.02]",1.0216439999999998,6.503112000000001,0.15710078497802277
117,O005,S014,"('length_m', 'height_m', 'breadth_m')","[1.48, 0.59, 1.17]","[3.7, 1.19, 1.48]",1.021644,6.516439999999999,0.15677946854417443
119,O005,S014,"('height_m', 'breadth_m', 'length_m')","[0.59, 1.17, 1.48]","[3.7, 1.19, 1.48]",1.0216439999999998,6.516439999999999,0.1567794685441744
118,O005,S014,"('breadth_m', 'height_m', 'length_m')","[1.17, 0.59, 1.48]","[3.7, 1.19, 1.48]",1.0216439999999998,6.516439999999999,0.1567794685441744
116,O005,S014,"('length_m', 'breadth_m', 'height_m')","[1.48, 1.17, 0.59]","[3.7, 1.19, 1.48]",1.0216439999999998,6.516439999999999,0.1567794685441744
178,O007,S002,"('length_m', 'breadth_m', 'height_m')","[1.31, 1.12, 0.26]","[2.51, 1.22, 0.8]",0.3814720000000001,2.44976,0.15571811116190978
164,O006,S013,"('length_m', 'breadth_m', 'height_m')","[1.46, 0.74, 0.64]","[2.63, 1.34, 1.27]",0.6914560000000001,4.475734,0.15448996745561736
165,O006,S013,"('length_m', 'height_m', 'breadth_m')","[1.46, 0.64, 0.74]","[2.63, 1.34, 1.27]",0.691456,4.475734,0.15448996745561733
170,O006,S015,"('length_m', 'breadth_m', 'height_m')","[1.46, 0.74, 0.64]","[3.02, 1.22, 1.22]",0.6914560000000001,4.494968,0.1538289037875242
171,O006,S015,"('length_m', 'height_m', 'breadth_m')","[1.46, 0.64, 0.74]","[3.02, 1.22, 1.22]",0.691456,4.494968,0.15382890378752417
245,O008,S013,"('length_m', 'height_m', 'breadth_m')","[1.82, 0.65, 0.58]","[2.63, 1.34, 1.27]",0.68614,4.475734,0.15330222931032095
244,O008,S013,"('length_m', 'breadth_m', 'height_m')","[1.82, 0.58, 0.65]","[2.63, 1.34, 1.27]",0.68614,4.475734,0.15330222931032095
47,O003,S005,"('length_m', 'height_m', 'breadth_m')","[1.96, 0.31, 0.84]","[3.97, 1.0, 0.84]",0.5103840000000001,3.3348,0.15304785894206552
46,O003,S005,"('length_m', 'breadth_m', 'height_m')","[1.96, 0.84, 0.31]","[3.97, 1.0, 0.84]",0.510384,3.3348,0.1530478589420655
248,O008,S015,"('length_m', 'breadth_m', 'height_m')","[1.82, 0.58, 0.65]","[3.02, 1.22, 1.22]",0.68614,4.494968,0.15264624798218807
249,O008,S015,"('length_m', 'height_m', 'breadth_m')","[1.82, 0.65, 0.58]","[3.02, 1.22, 1.22]",0.68614,4.494968,0.15264624798218807
55,O003,S009,"('length_m', 'height_m', 'breadth_m')","[1.96, 0.31, 0.84]","[2.52, 1.13, 1.2]",0.5103840000000001,3.4171199999999997,0.14936086529006887
54,O003,S009,"('length_m', 'breadth_m', 'height_m')","[1.96, 0.84, 0.31]","[2.52, 1.13, 1.2]",0.510384,3.4171199999999997,0.14936086529006884
144,O006,S008,"('length_m', 'breadth_m', 'height_m')","[1.46, 0.74, 0.64]","[2.53, 1.52, 1.22]",0.6914560000000001,4.691631999999999,0.14738069823038127
146,O006,S008,"('breadth_m', 'length_m', 'height_m')","[0.74, 1.46, 0.64]","[2.53, 1.52, 1.22]",0.6914560000000001,4.691631999999999,0.14738069823038127
147,O006,S008,"('height_m', 'length_m', 'breadth_m')","[0.64, 1.46, 0.74]","[2.53, 1.52, 1.22]",0.691456,4.691631999999999,0.14738069823038125
145,O006,S008,"('length_m', 'height_m', 'breadth_m')","[1.46, 0.64, 0.74]","[2.53, 1.52, 1.22]",0.691456,4.691631999999999,0.14738069823038125
235,O008,S008,"('length_m', 'height_m', 'breadth_m')","[1.82, 0.65, 0.58]","[2.53, 1.52, 1.22]",0.68614,4.691631999999999,0.14624761703390207
234,O008,S008,"('length_m', 'breadth_m', 'height_m')","[1.82, 0.58, 0.65]","[2.53, 1.52, 1.22]",0.68614,4.691631999999999,0.14624761703390207
255,O009,S003,"('length_m', 'height_m', 'breadth_m')","[1.66, 0.6, 0.55]","[3.09, 1.28, 0.99]",0.5478,3.915648,0.1399002157497303
254,O009,S003,"('length_m', 'breadth_m', 'height_m')","[1.66, 0.55, 0.6]","[3.09, 1.28, 0.99]",0.5478,3.915648,0.1399002157497303
106,O005,S010,"('height_m', 'length_m', 'breadth_m')","[0.59, 1.48, 1.17]","[3.31, 1.49, 1.49]",1.021644,7.3485309999999995,0.1390269701522658
103,O005,S010,"('length_m', 'height_m', 'breadth_m')","[1.48, 0.59, 1.17]","[3.31, 1.49, 1.49]",1.021644,7.3485309999999995,0.1390269701522658
105,O005,S010,"('breadth_m', 'height_m', 'length_m')","[1.17, 0.59, 1.48]","[3.31, 1.49, 1.49]",1.0216439999999998,7.3485309999999995,0.13902697015226578
104,O005,S010,"('breadth_m', 'length_m', 'height_m')","[1.17, 1.48, 0.59]","[3.31, 1.49, 1.49]",1.0216439999999998,7.3485309999999995,0.13902697015226578
107,O005,S010,"('height_m', 'breadth_m', 'length_m')","[0.59, 1.17, 1.48]","[3.31, 1.49, 1.49]",1.0216439999999998,7.3485309999999995,0.13902697015226578
102,O005,S010,"('length_m', 'breadth_m', 'height_m')","[1.48, 1.17, 0.59]","[3.31, 1.49, 1.49]",1.0216439999999998,7.3485309999999995,0.13902697015226578
136,O006,S006,"('length_m', 'breadth_m', 'height_m')","[1.46, 0.74, 0.64]","[3.13, 1.76, 0.95]",0.6914560000000001,5.233359999999999,0.13212467707170922
138,O006,S006,"('breadth_m', 'length_m', 'height_m')","[0.74, 1.46, 0.64]","[3.13, 1.76, 0.95]",0.6914560000000001,5.233359999999999,0.13212467707170922
137,O006,S006,"('length_m', 'height_m', 'breadth_m')","[1.46, 0.64, 0.74]","[3.13, 1.76, 0.95]",0.691456,5.233359999999999,0.1321246770717092
139,O006,S006,"('height_m', 'length_m', 'breadth_m')","[0.64, 1.46, 0.74]","[3.13, 1.76, 0.95]",0.691456,5.233359999999999,0.1321246770717092
231,O008,S006,"('length_m', 'height_m', 'breadth_m')","[1.82, 0.65, 0.58]","[3.13, 1.76, 0.95]",0.68614,5.233359999999999,0.13110888606937035
230,O008,S006,"('length_m', 'breadth_m', 'height_m')","[1.82, 0.58, 0.65]","[3.13, 1.76, 0.95]",0.68614,5.233359999999999,0.13110888606937035
43,O003,S003,"('length_m', 'height_m', 'breadth_m')","[1.96, 0.31, 0.84]","[3.09, 1.28, 0.99]",0.5103840000000001,3.915648,0.13034470922820438
42,O003,S003,"('length_m', 'breadth_m', 'height_m')","[1.96, 0.84, 0.31]","[3.09, 1.28, 0.99]",0.510384,3.915648,0.13034470922820435
158,O006,S011,"('breadth_m', 'length_m', 'height_m')","[0.74, 1.46, 0.64]","[2.52, 1.76, 1.22]",0.6914560000000001,5.410944,0.1277884228703901
156,O006,S011,"('length_m', 'breadth_m', 'height_m')","[1.46, 0.74, 0.64]","[2.52, 1.76, 1.22]",0.6914560000000001,5.410944,0.1277884228703901
159,O006,S011,"('height_m', 'length_m', 'breadth_m')","[0.64, 1.46, 0.74]","[2.52, 1.76, 1.22]",0.691456,5.410944,0.12778842287039008
157,O006,S011,"('length_m', 'height_m', 'breadth_m')","[1.46, 0.64, 0.74]","[2.52, 1.76, 1.22]",0.691456,5.410944,0.12778842287039008
240,O008,S011,"('length_m', 'breadth_m', 'height_m')","[1.82, 0.58, 0.65]","[2.52, 1.76, 1.22]",0.68614,5.410944,0.12680596953137938
241,O008,S011,"('length_m', 'height_m', 'breadth_m')","[1.82, 0.65, 0.58]","[2.52, 1.76, 1.22]",0.68614,5.410944,0.12680596953137938
82,O005,S001,"('length_m', 'height_m', 'breadth_m')","[1.48, 0.59, 1.17]","[3.61, 1.53, 1.5]",1.021644,8.28495,0.12331323665200151
85,O005,S001,"('height_m', 'length_m', 'breadth_m')","[0.59, 1.48, 1.17]","[3.61, 1.53, 1.5]",1.021644,8.28495,0.12331323665200151
81,O005,S001,"('length_m', 'breadth_m', 'height_m')","[1.48, 1.17, 0.59]","[3.61, 1.53, 1.5]",1.0216439999999998,8.28495,0.12331323665200149
86,O005,S001,"('height_m', 'breadth_m', 'length_m')","[0.59, 1.17, 1.48]","[3.61, 1.53, 1.5]",1.0216439999999998,8.28495,0.12331323665200149
84,O005,S001,"('breadth_m', 'height_m', 'length_m')","[1.17, 0.59, 1.48]","[3.61, 1.53, 1.5]",1.0216439999999998,8.28495,0.12331323665200149
83,O005,S001,"('breadth_m', 'length_m', 'height_m')","[1.17, 1.48, 0.59]","[3.61, 1.53, 1.5]",1.0216439999999998,8.28495,0.12331323665200149
278,O009,S013,"('length_m', 'breadth_m', 'height_m')","[1.66, 0.55, 0.6]","[2.63, 1.34, 1.27]",0.5478,4.475734,0.12239333257963944
279,O009,S013,"('length_m', 'height_m', 'breadth_m')","[1.66, 0.6, 0.55]","[2.63, 1.34, 1.27]",0.5478,4.475734,0.12239333257963944
283,O009,S015,"('length_m', 'height_m', 'breadth_m')","[1.66, 0.6, 0.55]","[3.02, 1.22, 1.22]",0.5478,4.494968,0.12186961064016472
282,O009,S015,"('length_m', 'breadth_m', 'height_m')","[1.66, 0.55, 0.6]","[3.02, 1.22, 1.22]",0.5478,4.494968,0.12186961064016472
96,O005,S007,"('height_m', 'length_m', 'breadth_m')","[0.59, 1.48, 1.17]","[3.92, 1.54, 1.41]",1.021644,8.511888,0.12002554544890627
94,O005,S007,"('length_m', 'height_m', 'breadth_m')","[1.48, 0.59, 1.17]","[3.92, 1.54, 1.41]",1.021644,8.511888,0.12002554544890627
93,O005,S007,"('length_m', 'breadth_m', 'height_m')","[1.48, 1.17, 0.59]","[3.92, 1.54, 1.41]",1.0216439999999998,8.511888,0.12002554544890624
95,O005,S007,"('breadth_m', 'length_m', 'height_m')","[1.17, 1.48, 0.59]","[3.92, 1.54, 1.41]",1.0216439999999998,8.511888,0.12002554544890624
267,O009,S008,"('length_m', 'height_m', 'breadth_m')","[1.66, 0.6, 0.55]","[2.53, 1.52, 1.22]",0.5478,4.691631999999999,0.11676107589001014
266,O009,S008,"('length_m', 'breadth_m', 'height_m')","[1.66, 0.55, 0.6]","[2.53, 1.52, 1.22]",0.5478,4.691631999999999,0.11676107589001014
132,O006,S004,"('length_m', 'breadth_m', 'height_m')","[1.46, 0.74, 0.64]","[3.66, 1.26, 1.31]",0.6914560000000001,6.041196,0.11445680623505677
133,O006,S004,"('length_m', 'height_m', 'breadth_m')","[1.46, 0.64, 0.74]","[3.66, 1.26, 1.31]",0.691456,6.041196,0.11445680623505676
63,O003,S013,"('length_m', 'height_m', 'breadth_m')","[1.96, 0.31, 0.84]","[2.63, 1.34, 1.27]",0.5103840000000001,4.475734,0.11403358644637954
62,O003,S013,"('length_m', 'breadth_m', 'height_m')","[1.96, 0.84, 0.31]","[2.63, 1.34, 1.27]",0.510384,4.475734,0.11403358644637951
226,O008,S004,"('length_m', 'breadth_m', 'height_m')","[1.82, 0.58, 0.65]","[3.66, 1.26, 1.31]",0.68614,6.041196,0.11357684802810568
227,O008,S004,"('length_m', 'height_m', 'breadth_m')","[1.82, 0.65, 0.58]","[3.66, 1.26, 1.31]",0.68614,6.041196,0.11357684802810568
67,O003,S015,"('length_m', 'height_m', 'breadth_m')","[1.96, 0.31, 0.84]","[3.02, 1.22, 1.22]",0.5103840000000001,4.494968,0.11354563591998876
66,O003,S015,"('length_m', 'breadth_m', 'height_m')","[1.96, 0.84, 0.31]","[3.02, 1.22, 1.22]",0.510384,4.494968,0.11354563591998874
196,O007,S009,"('length_m', 'breadth_m', 'height_m')","[1.31, 1.12, 0.26]","[2.52, 1.13, 1.2]",0.3814720000000001,3.4171199999999997,0.11163552933464442
197,O007,S009,"('length_m', 'height_m', 'breadth_m')","[1.31, 0.26, 1.12]","[2.52, 1.13, 1.2]",0.38147200000000003,3.4171199999999997,0.11163552933464439
53,O003,S008,"('length_m', 'height_m', 'breadth_m')","[1.96, 0.31, 0.84]","[2.53, 1.52, 1.22]",0.5103840000000001,4.691631999999999,0.10878602584345919
52,O003,S008,"('length_m', 'breadth_m', 'height_m')","[1.96, 0.84, 0.31]","[2.53, 1.52, 1.22]",0.510384,4.691631999999999,0.10878602584345917
162,O006,S012,"('breadth_m', 'length_m', 'height_m')","[0.74, 1.46, 0.64]","[3.96, 1.61, 1.02]",0.6914560000000001,6.503112000000001,0.10632694008653087
160,O006,S012,"('length_m', 'breadth_m', 'height_m')","[1.46, 0.74, 0.64]","[3.96, 1.61, 1.02]",0.6914560000000001,6.503112000000001,0.10632694008653087
163,O006,S012,"('height_m', 'length_m', 'breadth_m')","[0.64, 1.46, 0.74]","[3.96, 1.61, 1.02]",0.691456,6.503112000000001,0.10632694008653086
161,O006,S012,"('length_m', 'height_m', 'breadth_m')","[1.46, 0.64, 0.74]","[3.96, 1.61, 1.02]",0.691456,6.503112000000001,0.10632694008653086
166,O006,S014,"('length_m', 'breadth_m', 'height_m')","[1.46, 0.74, 0.64]","[3.7, 1.19, 1.48]",0.6914560000000001,6.516439999999999,0.10610947081535319
167,O006,S014,"('length_m', 'height_m', 'breadth_m')","[1.46, 0.64, 0.74]","[3.7, 1.19, 1.48]",0.691456,6.516439999999999,0.10610947081535317
168,O006,S014,"('breadth_m', 'height_m', 'length_m')","[0.74, 0.64, 1.46]","[3.7, 1.19, 1.48]",0.691456,6.516439999999999,0.10610947081535317
169,O006,S014,"('height_m', 'breadth_m', 'length_m')","[0.64, 0.74, 1.46]","[3.7, 1.19, 1.48]",0.691456,6.516439999999999,0.10610947081535317
242,O008,S012,"('length_m', 'breadth_m', 'height_m')","[1.82, 0.58, 0.65]","[3.96, 1.61, 1.02]",0.68614,6.503112000000001,0.1055094853048817
243,O008,S012,"('length_m', 'height_m', 'breadth_m')","[1.82, 0.65, 0.58]","[3.96, 1.61, 1.02]",0.68614,6.503112000000001,0.1055094853048817
246,O008,S014,"('length_m', 'breadth_m', 'height_m')","[1.82, 0.58, 0.65]","[3.7, 1.19, 1.48]",0.68614,6.516439999999999,0.10529368796459417
247,O008,S014,"('length_m', 'height_m', 'breadth_m')","[1.82, 0.65, 0.58]","[3.7, 1.19, 1.48]",0.68614,6.516439999999999,0.10529368796459417
262,O009,S006,"('breadth_m', 'length_m', 'height_m')","[0.55, 1.66, 0.6]","[3.13, 1.76, 0.95]",0.5478,5.233359999999999,0.10467462586177906
263,O009,S006,"('height_m', 'length_m', 'breadth_m')","[0.6, 1.66, 0.55]","[3.13, 1.76, 0.95]",0.5478,5.233359999999999,0.10467462586177906
261,O009,S006,"('length_m', 'height_m', 'breadth_m')","[1.66, 0.6, 0.55]","[3.13, 1.76, 0.95]",0.5478,5.233359999999999,0.10467462586177906
260,O009,S006,"('length_m', 'breadth_m', 'height_m')","[1.66, 0.55, 0.6]","[3.13, 1.76, 0.95]",0.5478,5.233359999999999,0.10467462586177906
275,O009,S011,"('height_m', 'length_m', 'breadth_m')","[0.6, 1.66, 0.55]","[2.52, 1.76, 1.22]",0.5478,5.410944,0.1012392661982826
272,O009,S011,"('length_m', 'breadth_m', 'height_m')","[1.66, 0.55, 0.6]","[2.52, 1.76, 1.22]",0.5478,5.410944,0.1012392661982826
273,O009,S011,"('length_m', 'height_m', 'breadth_m')","[1.66, 0.6, 0.55]","[2.52, 1.76, 1.22]",0.5478,5.410944,0.1012392661982826
274,O009,S011,"('breadth_m', 'length_m', 'height_m')","[0.55, 1.66, 0.6]","[2.52, 1.76, 1.22]",0.5478,5.410944,0.1012392661982826
49,O003,S006,"('length_m', 'height_m', 'breadth_m')","[1.96, 0.31, 0.84]","[3.13, 1.76, 0.95]",0.5103840000000001,5.233359999999999,0.09752510815231517
48,O003,S006,"('length_m', 'breadth_m', 'height_m')","[1.96, 0.84, 0.31]","[3.13, 1.76, 0.95]",0.510384,5.233359999999999,0.09752510815231515
179,O007,S003,"('length_m', 'breadth_m', 'height_m')","[1.31, 1.12, 0.26]","[3.09, 1.28, 0.99]",0.3814720000000001,3.915648,0.09742244450982317
59,O003,S011,"('length_m', 'height_m', 'breadth_m')","[1.96, 0.31, 0.84]","[2.52, 1.76, 1.22]",0.5103840000000001,5.410944,0.09432439145553902
58,O003,S011,"('length_m', 'breadth_m', 'height_m')","[1.96, 0.84, 0.31]","[2.52, 1.76, 1.22]",0.510384,5.410944,0.09432439145553899
152,O006,S010,"('breadth_m', 'length_m', 'height_m')","[0.74, 1.46, 0.64]","[3.31, 1.49, 1.49]",0.6914560000000001,7.3485309999999995,0.09409445234700652
150,O006,S010,"('length_m', 'breadth_m', 'height_m')","[1.46, 0.74, 0.64]","[3.31, 1.49, 1.49]",0.6914560000000001,7.3485309999999995,0.09409445234700652
151,O006,S010,"('length_m', 'height_m', 'breadth_m')","[1.46, 0.64, 0.74]","[3.31, 1.49, 1.49]",0.691456,7.3485309999999995,0.0940944523470065
155,O006,S010,"('height_m', 'breadth_m', 'length_m')","[0.64, 0.74, 1.46]","[3.31, 1.49, 1.49]",0.691456,7.3485309999999995,0.0940944523470065
154,O006,S010,"('height_m', 'length_m', 'breadth_m')","[0.64, 1.46, 0.74]","[3.31, 1.49, 1.49]",0.691456,7.3485309999999995,0.0940944523470065
153,O006,S010,"('breadth_m', 'height_m', 'length_m')","[0.74, 0.64, 1.46]","[3.31, 1.49, 1.49]",0.691456,7.3485309999999995,0.0940944523470065
238,O008,S010,"('length_m', 'breadth_m', 'height_m')","[1.82, 0.58, 0.65]","[3.31, 1.49, 1.49]",0.68614,7.3485309999999995,0.09337104245732923
239,O008,S010,"('length_m', 'height_m', 'breadth_m')","[1.82, 0.65, 0.58]","[3.31, 1.49, 1.49]",0.68614,7.3485309999999995,0.09337104245732923
256,O009,S004,"('length_m', 'breadth_m', 'height_m')","[1.66, 0.55, 0.6]","[3.66, 1.26, 1.31]",0.5478,6.041196,0.09067740891042103
257,O009,S004,"('length_m', 'height_m', 'breadth_m')","[1.66, 0.6, 0.55]","[3.66, 1.26, 1.31]",0.5478,6.041196,0.09067740891042103
210,O007,S013,"('length_m', 'breadth_m', 'height_m')","[1.31, 1.12, 0.26]","[2.63, 1.34, 1.27]",0.3814720000000001,4.475734,0.08523115984998217
212,O007,S013,"('breadth_m', 'length_m', 'height_m')","[1.12, 1.31, 0.26]","[2.63, 1.34, 1.27]",0.3814720000000001,4.475734,0.08523115984998217
211,O007,S013,"('length_m', 'height_m', 'breadth_m')","[1.31, 0.26, 1.12]","[2.63, 1.34, 1.27]",0.38147200000000003,4.475734,0.08523115984998215
213,O007,S013,"('height_m', 'length_m', 'breadth_m')","[0.26, 1.31, 1.12]","[2.63, 1.34, 1.27]",0.38147200000000003,4.475734,0.08523115984998215
218,O007,S015,"('length_m', 'breadth_m', 'height_m')","[1.31, 1.12, 0.26]","[3.02, 1.22, 1.22]",0.3814720000000001,4.494968,0.08486645511158257
219,O007,S015,"('length_m', 'height_m', 'breadth_m')","[1.31, 0.26, 1.12]","[3.02, 1.22, 1.22]",0.38147200000000003,4.494968,0.08486645511158256
45,O003,S004,"('length_m', 'height_m', 'breadth_m')","[1.96, 0.31, 0.84]","[3.66, 1.26, 1.31]",0.5103840000000001,6.041196,0.084483933313867
44,O003,S004,"('length_m', 'breadth_m', 'height_m')","[1.96, 0.84, 0.31]","[3.66, 1.26, 1.31]",0.510384,6.041196,0.08448393331386697
276,O009,S012,"('length_m', 'breadth_m', 'height_m')","[1.66, 0.55, 0.6]","[3.96, 1.61, 1.02]",0.5478,6.503112000000001,0.08423659318799982
277,O009,S012,"('length_m', 'height_m', 'breadth_m')","[1.66, 0.6, 0.55]","[3.96, 1.61, 1.02]",0.5478,6.503112000000001,0.08423659318799982
281,O009,S014,"('length_m', 'height_m', 'breadth_m')","[1.66, 0.6, 0.55]","[3.7, 1.19, 1.48]",0.5478,6.516439999999999,0.08406430504999662
280,O009,S014,"('length_m', 'breadth_m', 'height_m')","[1.66, 0.55, 0.6]","[3.7, 1.19, 1.48]",0.5478,6.516439999999999,0.08406430504999662
122,O006,S001,"('length_m', 'breadth_m', 'height_m')","[1.46, 0.74, 0.64]","[3.61, 1.53, 1.5]",0.6914560000000001,8.28495,0.0834592846064249
124,O006,S001,"('breadth_m', 'length_m', 'height_m')","[0.74, 1.46, 0.64]","[3.61, 1.53, 1.5]",0.6914560000000001,8.28495,0.0834592846064249
123,O006,S001,"('length_m', 'height_m', 'breadth_m')","[1.46, 0.64, 0.74]","[3.61, 1.53, 1.5]",0.691456,8.28495,0.08345928460642489
127,O006,S001,"('height_m', 'breadth_m', 'length_m')","[0.64, 0.74, 1.46]","[3.61, 1.53, 1.5]",0.691456,8.28495,0.08345928460642489
125,O006,S001,"('breadth_m', 'height_m', 'length_m')","[0.74, 0.64, 1.46]","[3.61, 1.53, 1.5]",0.691456,8.28495,0.08345928460642489
126,O006,S001,"('height_m', 'length_m', 'breadth_m')","[0.64, 1.46, 0.74]","[3.61, 1.53, 1.5]",0.691456,8.28495,0.08345928460642489
220,O008,S001,"('length_m', 'breadth_m', 'height_m')","[1.82, 0.58, 0.65]","[3.61, 1.53, 1.5]",0.68614,8.28495,0.08281763921327226
221,O008,S001,"('length_m', 'height_m', 'breadth_m')","[1.82, 0.65, 0.58]","[3.61, 1.53, 1.5]",0.68614,8.28495,0.08281763921327226
192,O007,S008,"('length_m', 'breadth_m', 'height_m')","[1.31, 1.12, 0.26]","[2.53, 1.52, 1.22]",0.3814720000000001,4.691631999999999,0.08130901997428616
194,O007,S008,"('breadth_m', 'length_m', 'height_m')","[1.12, 1.31, 0.26]","[2.53, 1.52, 1.22]",0.3814720000000001,4.691631999999999,0.08130901997428616
195,O007,S008,"('height_m', 'length_m', 'breadth_m')","[0.26, 1.31, 1.12]","[2.53, 1.52, 1.22]",0.38147200000000003,4.691631999999999,0.08130901997428615
193,O007,S008,"('length_m', 'height_m', 'breadth_m')","[1.31, 0.26, 1.12]","[2.53, 1.52, 1.22]",0.38147200000000003,4.691631999999999,0.08130901997428615
142,O006,S007,"('breadth_m', 'length_m', 'height_m')","[0.74, 1.46, 0.64]","[3.92, 1.54, 1.41]",0.6914560000000001,8.511888,0.0812341515771824
140,O006,S007,"('length_m', 'breadth_m', 'height_m')","[1.46, 0.74, 0.64]","[3.92, 1.54, 1.41]",0.6914560000000001,8.511888,0.0812341515771824
143,O006,S007,"('height_m', 'length_m', 'breadth_m')","[0.64, 1.46, 0.74]","[3.92, 1.54, 1.41]",0.691456,8.511888,0.08123415157718239
141,O006,S007,"('length_m', 'height_m', 'breadth_m')","[1.46, 0.64, 0.74]","[3.92, 1.54, 1.41]",0.691456,8.511888,0.08123415157718239
233,O008,S007,"('length_m', 'height_m', 'breadth_m')","[1.82, 0.65, 0.58]","[3.92, 1.54, 1.41]",0.68614,8.511888,0.0806096132843853
232,O008,S007,"('length_m', 'breadth_m', 'height_m')","[1.82, 0.58, 0.65]","[3.92, 1.54, 1.41]",0.68614,8.511888,0.0806096132843853
61,O003,S012,"('length_m', 'height_m', 'breadth_m')","[1.96, 0.31, 0.84]","[3.96, 1.61, 1.02]",0.5103840000000001,6.503112000000001,0.07848304011986877
60,O003,S012,"('length_m', 'breadth_m', 'height_m')","[1.96, 0.84, 0.31]","[3.96, 1.61, 1.02]",0.510384,6.503112000000001,0.07848304011986874
65,O003,S014,"('length_m', 'height_m', 'breadth_m')","[1.96, 0.31, 0.84]","[3.7, 1.19, 1.48]",0.5103840000000001,6.516439999999999,0.07832251965797278
64,O003,S014,"('length_m', 'breadth_m', 'height_m')","[1.96, 0.84, 0.31]","[3.7, 1.19, 1.48]",0.510384,6.516439999999999,0.07832251965797275
271,O009,S010,"('length_m', 'height_m', 'breadth_m')","[1.66, 0.6, 0.55]","[3.31, 1.49, 1.49]",0.5478,7.3485309999999995,0.07454551120489251
270,O009,S010,"('length_m', 'breadth_m', 'height_m')","[1.66, 0.55, 0.6]","[3.31, 1.49, 1.49]",0.5478,7.3485309999999995,0.07454551120489251
185,O007,S006,"('breadth_m', 'length_m', 'height_m')","[1.12, 1.31, 0.26]","[3.13, 1.76, 0.95]",0.3814720000000001,5.233359999999999,0.07289236742742715
184,O007,S006,"('length_m', 'breadth_m', 'height_m')","[1.31, 1.12, 0.26]","[3.13, 1.76, 0.95]",0.3814720000000001,5.233359999999999,0.07289236742742715
206,O007,S011,"('breadth_m', 'length_m', 'height_m')","[1.12, 1.31, 0.26]","[2.52, 1.76, 1.22]",0.3814720000000001,5.410944,0.07050008279516479
204,O007,S011,"('length_m', 'breadth_m', 'height_m')","[1.31, 1.12, 0.26]","[2.52, 1.76, 1.22]",0.3814720000000001,5.410944,0.07050008279516479
205,O007,S011,"('length_m', 'height_m', 'breadth_m')","[1.31, 0.26, 1.12]","[2.52, 1.76, 1.22]",0.38147200000000003,5.410944,0.07050008279516477
207,O007,S011,"('height_m', 'length_m', 'breadth_m')","[0.26, 1.31, 1.12]","[2.52, 1.76, 1.22]",0.38147200000000003,5.410944,0.07050008279516477
57,O003,S010,"('length_m', 'height_m', 'breadth_m')","[1.96, 0.31, 0.84]","[3.31, 1.49, 1.49]",0.5103840000000001,7.3485309999999995,0.0694538813267577
56,O003,S010,"('length_m', 'breadth_m', 'height_m')","[1.96, 0.84, 0.31]","[3.31, 1.49, 1.49]",0.510384,7.3485309999999995,0.06945388132675769
251,O009,S001,"('length_m', 'height_m', 'breadth_m')","[1.66, 0.6, 0.55]","[3.61, 1.53, 1.5]",0.5478,8.28495,0.06611989209349482
250,O009,S001,"('length_m', 'breadth_m', 'height_m')","[1.66, 0.55, 0.6]","[3.61, 1.53, 1.5]",0.5478,8.28495,0.06611989209349482
264,O009,S007,"('length_m', 'breadth_m', 'height_m')","[1.66, 0.55, 0.6]","[3.92, 1.54, 1.41]",0.5478,8.511888,0.06435704981080577
265,O009,S007,"('length_m', 'height_m', 'breadth_m')","[1.66, 0.6, 0.55]","[3.92, 1.54, 1.41]",0.5478,8.511888,0.06435704981080577
180,O007,S004,"('length_m', 'breadth_m', 'height_m')","[1.31, 1.12, 0.26]","[3.66, 1.26, 1.31]",0.3814720000000001,6.041196,0.0631451123254402
181,O007,S004,"('length_m', 'height_m', 'breadth_m')","[1.31, 0.26, 1.12]","[3.66, 1.26, 1.31]",0.38147200000000003,6.041196,0.06314511232544019
182,O007,S004,"('breadth_m', 'height_m', 'length_m')","[1.12, 0.26, 1.31]","[3.66, 1.26, 1.31]",0.38147200000000003,6.041196,0.06314511232544019
183,O007,S004,"('height_m', 'breadth_m', 'length_m')","[0.26, 1.12, 1.31]","[3.66, 1.26, 1.31]",0.38147200000000003,6.041196,0.06314511232544019
40,O003,S001,"('length_m', 'height_m', 'breadth_m')","[1.96, 0.31, 0.84]","[3.61, 1.53, 1.5]",0.5103840000000001,8.28495,0.06160375138051528
39,O003,S001,"('length_m', 'breadth_m', 'height_m')","[1.96, 0.84, 0.31]","[3.61, 1.53, 1.5]",0.510384,8.28495,0.06160375138051526
51,O003,S007,"('length_m', 'height_m', 'breadth_m')","[1.96, 0.31, 0.84]","[3.92, 1.54, 1.41]",0.5103840000000001,8.511888,0.059961315280464215
50,O003,S007,"('length_m', 'breadth_m', 'height_m')","[1.96, 0.84, 0.31]","[3.92, 1.54, 1.41]",0.510384,8.511888,0.0599613152804642
209,O007,S012,"('breadth_m', 'length_m', 'height_m')","[1.12, 1.31, 0.26]","[3.96, 1.61, 1.02]",0.3814720000000001,6.503112000000001,0.05865991543740905
208,O007,S012,"('length_m', 'breadth_m', 'height_m')","[1.31, 1.12, 0.26]","[3.96, 1.61, 1.02]",0.3814720000000001,6.503112000000001,0.05865991543740905
214,O007,S014,"('length_m', 'breadth_m', 'height_m')","[1.31, 1.12, 0.26]","[3.7, 1.19, 1.48]",0.3814720000000001,6.516439999999999,0.05853993898509004
215,O007,S014,"('length_m', 'height_m', 'breadth_m')","[1.31, 0.26, 1.12]","[3.7, 1.19, 1.48]",0.38147200000000003,6.516439999999999,0.05853993898509003
216,O007,S014,"('breadth_m', 'height_m', 'length_m')","[1.12, 0.26, 1.31]","[3.7, 1.19, 1.48]",0.38147200000000003,6.516439999999999,0.05853993898509003
217,O007,S014,"('height_m', 'breadth_m', 'length_m')","[0.26, 1.12, 1.31]","[3.7, 1.19, 1.48]",0.38147200000000003,6.516439999999999,0.05853993898509003
198,O007,S010,"('length_m', 'breadth_m', 'height_m')","[1.31, 1.12, 0.26]","[3.31, 1.49, 1.49]",0.3814720000000001,7.3485309999999995,0.05191132758370348
200,O007,S010,"('breadth_m', 'length_m', 'height_m')","[1.12, 1.31, 0.26]","[3.31, 1.49, 1.49]",0.3814720000000001,7.3485309999999995,0.05191132758370348
202,O007,S010,"('height_m', 'length_m', 'breadth_m')","[0.26, 1.31, 1.12]","[3.31, 1.49, 1.49]",0.38147200000000003,7.3485309999999995,0.051911327583703475
201,O007,S010,"('breadth_m', 'height_m', 'length_m')","[1.12, 0.26, 1.31]","[3.31, 1.49, 1.49]",0.38147200000000003,7.3485309999999995,0.051911327583703475
199,O007,S010,"('length_m', 'height_m', 'breadth_m')","[1.31, 0.26, 1.12]","[3.31, 1.49, 1.49]",0.38147200000000003,7.3485309999999995,0.051911327583703475
203,O007,S010,"('height_m', 'breadth_m', 'length_m')","[0.26, 1.12, 1.31]","[3.31, 1.49, 1.49]",0.38147200000000003,7.3485309999999995,0.051911327583703475
174,O007,S001,"('breadth_m', 'length_m', 'height_m')","[1.12, 1.31, 0.26]","[3.61, 1.53, 1.5]",0.3814720000000001,8.28495,0.04604397129735244
172,O007,S001,"('length_m', 'breadth_m', 'height_m')","[1.31, 1.12, 0.26]","[3.61, 1.53, 1.5]",0.3814720000000001,8.28495,0.04604397129735244
176,O007,S001,"('height_m', 'length_m', 'breadth_m')","[0.26, 1.31, 1.12]","[3.61, 1.53, 1.5]",0.38147200000000003,8.28495,0.04604397129735243
173,O007,S001,"('length_m', 'height_m', 'breadth_m')","[1.31, 0.26, 1.12]","[3.61, 1.53, 1.5]",0.38147200000000003,8.28495,0.04604397129735243
175,O007,S001,"('breadth_m', 'height_m', 'length_m')","[1.12, 0.26, 1.31]","[3.61, 1.53, 1.5]",0.38147200000000003,8.28495,0.04604397129735243
177,O007,S001,"('height_m', 'breadth_m', 'length_m')","[0.26, 1.12, 1.31]","[3.61, 1.53, 1.5]",0.38147200000000003,8.28495,0.04604397129735243
186,O007,S007,"('length_m', 'breadth_m', 'height_m')","[1.31, 1.12, 0.26]","[3.92, 1.54, 1.41]",0.3814720000000001,8.511888,0.04481637916288373
188,O007,S007,"('breadth_m', 'length_m', 'height_m')","[1.12, 1.31, 0.26]","[3.92, 1.54, 1.41]",0.3814720000000001,8.511888,0.04481637916288373
187,O007,S007,"('length_m', 'height_m', 'breadth_m')","[1.31, 0.26, 1.12]","[3.92, 1.54, 1.41]",0.38147200000000003,8.511888,0.044816379162883724
190,O007,S007,"('height_m', 'length_m', 'breadth_m')","[0.26, 1.31, 1.12]","[3.92, 1.54, 1.41]",0.38147200000000003,8.511888,0.044816379162883724
191,O007,S007,"('height_m', 'breadth_m', 'length_m')","[0.26, 1.12, 1.31]","[3.92, 1.54, 1.41]",0.38147200000000003,8.511888,0.044816379162883724
189,O007,S007,"('breadth_m', 'height_m', 'length_m')","[1.12, 0.26, 1.31]","[3.92, 1.54, 1.41]",0.38147200000000003,8.511888,0.044816379162883724
